,Ticker,Description,Price,Change %,Change,Volume,Volume*Price,Market Capitalization,Relative Volume at Time,"Change 1m, %","Change 5m, %",Exchange,Pre-market Change,Open,Change from Open
2059,VRDN,"Viridian Therapeutics, Inc.",25.205,-1.15686275,-0.295,34260,863523.3,1081242809.9813726,0.37024623,-0.05947661,-0.257222,NASDAQ,,25.42,-0.215
2060,VICR,Vicor Corporation,43.3,-1.16411778,-0.51,13672,591997.6,1910252168.094042,0.37015494,-0.25339783,-0.64249656,NASDAQ,,43.27,0.03
2061,TBBK,"The Bancorp, Inc.",27.63,0.03620565,0.01,59981,1657275.03,1535837602.7052858,0.3698098,-0.43243243,0.07243752,NASDAQ,,27.04,0.59
2062,CRWD,"CrowdStrike Holdings, Inc.",132.87,-1.24126654,-1.67,505049,67105860.63,30732802801.418835,0.36887976,-0.16541353,-0.35272045,NASDAQ,-0.84,134.4,-1.53
2063,CBSH,"Commerce Bancshares, Inc.",56.9535,0.6245583,0.3535,54482,3102940.587,7107908019.318047,0.36857303,-0.13161358,-0.38508664,NASDAQ,-0.7,56.09,0.8635
2064,PRAA,"PRA Group, Inc.",39.515,-0.51611279,-0.205,15185,600035.275,1540299251.38784,0.36787497,-0.21464646,-0.21464646,NASDAQ,,39.49,0.025
2065,SAGE,"Sage Therapeutics, Inc.",41.68,-1.8138987,-0.77,40612,1692708.16,2489030004.9281507,0.36634744,-0.07791429,-0.61993324,NASDAQ,,41.97,-0.29
2066,HWC,Hancock Whitney Corporation,35.245,0.0709824,0.025,91249,3216071.005,3030491973.9943213,0.36598065,-0.0141844,-0.60631698,NASDAQ,,34.63,0.615
2067,GL,Globe Life Inc.,105.23,-1.06242948,-1.13,43509,4578452.07,10154445374.573334,0.36478858,0.03802643,0.0095039,NYSE,,104.99,0.24
2068,TMDX,"TransMedics Group, Inc.",73.604,-0.27909497,-0.206,30796,2266708.784,2369770527.817314,0.36375143,-0.20341741,-0.98223897,NASDAQ,,73.25,0.354
2069,SWBI,"Smith & Wesson Brands, Inc.",11.2289,0.52730528,0.0589,58454,656374.1206,515385284.66476274,0.36321479,0.03474388,-0.18755556,NASDAQ,-0.1299,11.12,0.1089
2070,SNDX,"Syndax Pharmaceuticals, Inc.",21.19,-1.716141,-0.37,52875,1120421.25,1450298097.416976,0.36263729,0.09442871,-0.07070469,NASDAQ,,21.42,-0.23
2071,NBR,Nabors Industries Ltd.,108.74,-1.36961451,-1.51,27252,2963382.48,1023865909.62322,0.36144214,-0.16525891,-0.16525891,NYSE,-2.15,107.33,1.41
2072,ROCC,Ranger Oil Corporation,36.75,-1.65908483,-0.62,53452,1964361.0,1525416275.9566498,0.36132468,-0.27137042,-0.24429967,NASDAQ,,36.3,0.45
2073,PAYC,"Paycom Software, Inc.",271.625,-0.25521445,-0.695,40427,10980983.875,16384713592.791569,0.3609852,-0.02392433,-0.03816306,NYSE,,272.73,-1.105
2074,BMRN,BioMarin Pharmaceutical Inc.,89.52,-0.6547553,-0.59,90735,8122597.2,16698056326.191542,0.36022955,0.0391127,-0.12272677,NASDAQ,0.0,90.01,-0.49
2075,ILMN,"Illumina, Inc.",218.205,0.5784743,1.255,132994,29019955.77000001,34476389515.21176,0.35793402,-0.15781433,-0.24258513,NASDAQ,,216.89,1.315
2076,BRMK,Broadmark Realty Capital Inc.,4.335,0.34722222,0.015,232680,1008667.8,569159825.0,0.35779538,-0.2301496,-0.2301496,NYSE,-0.05,4.28,0.055
2077,AKR,Acadia Realty Trust,12.99,1.24707716,0.16,51470,668595.3,1235081501.0,0.3577935,-0.15396459,-0.26912726,NYSE,,12.71,0.28
2078,EMN,Eastman Chemical Company,78.185,-0.6922393,-0.545,83983,6566210.855,9288133471.521591,0.35697332,0.0511869,-0.17874242,NYSE,-0.73,77.65,0.535
2079,GVA,Granite Construction Incorporated,39.45,-0.37878788,-0.15,23116,911926.2,1725721781.223485,0.35678432,-0.17712551,-0.17712551,NYSE,,39.08,0.37
2080,FTDR,"Frontdoor, Inc.",26.51,1.2605042,0.33,58054,1539011.54,2160824114.4915967,0.35497075,-0.07538636,-0.13185157,NASDAQ,,26.06,0.45
2081,SAFT,"Safety Insurance Group, Inc.",71.73,0.39188244,0.28,8803,631439.19,1061635025.1073478,0.35425604,-0.06965729,-0.06965729,NASDAQ,,71.19,0.54
2082,ACGL,Arch Capital Group Ltd.,65.01,-0.89939024,-0.59,171564,11153375.64,24131484078.50763,0.3536992,0.10779181,-0.18424689,NASDAQ,-0.99,64.9,0.11
2083,OXLC,Oxford Lane Capital Corp.,5.0617,0.43055556,0.0217,134922,682934.6874,869550000.0,0.35295006,-0.16370809,-0.26206897,NASDAQ,0.01,5.04,0.0217
2084,FLNC,"Fluence Energy, Inc.",15.69,-2.36465464,-0.38,116073,1821185.37,2742202638.429372,0.35241734,-0.38095238,-0.72761784,NASDAQ,0.24,16.01,-0.32
2085,XPEV,XPeng Inc.,9.625,-2.87588295,-0.285,2649214,25498684.75,8767000597.097599,0.35186547,-0.15568241,-0.56847545,NYSE,-0.24,9.67,-0.045
2086,RF,Regions Financial Corporation,17.6294,0.56702795,0.0994,2247782,39627047.9908,16475762794.26673,0.35173636,-0.02836075,-0.31108597,NYSE,-0.28,17.23,0.3994
2087,COLD,"Americold Realty Trust, Inc.",27.19,0.55473373,0.15,146376,3979963.44,7303407864.0,0.35071786,0.0,-0.11013216,NYSE,,26.93,0.26
2088,ESAB,ESAB Corporation,55.47,-1.89246551,-1.07,21126,1171859.22,3332446679.7946587,0.34824656,-0.17995321,-0.17995321,NYSE,,56.01,-0.54
2089,NBTB,NBT Bancorp Inc.,34.1,1.45789943,0.49,16381,558592.1,1463008972.5766144,0.34817153,-0.02931692,-0.4379562,NASDAQ,,33.46,0.64
2090,UBSI,"United Bankshares, Inc.",35.89,1.24118477,0.44,97947,3515317.83,4836012217.691397,0.34797385,0.08354219,-0.05561735,NASDAQ,,34.83,1.06
2091,TEAM,Atlassian Corporation,150.26,-1.97664557,-3.03,186773,28064510.98,38670237479.99192,0.34713389,-0.12296444,-0.42080848,NASDAQ,-1.29,152.99,-2.73
2092,CLH,"Clean Harbors, Inc.",131.21,-1.13773357,-1.51,29639,3888933.19,7094774988.611287,0.34652539,-0.12179341,-0.52312358,NYSE,,131.99,-0.78
2093,WNC,Wabash National Corporation,23.34,-1.68491997,-0.4,41222,962121.48,1108954756.1019378,0.34610616,-0.3203075,-0.3203075,NYSE,-0.19,23.36,-0.02
2094,CHRW,"C.H. Robinson Worldwide, Inc.",94.39,-0.50595552,-0.48,134109,12658548.51,10997419748.274902,0.34517435,-0.08997089,-0.33787351,NASDAQ,,94.66,-0.27
2095,IR,Ingersoll Rand Inc.,54.05,-1.63785259,-0.9,235638,12736233.9,21887909698.93539,0.34513417,0.01850139,-0.22148394,NYSE,,54.27,-0.22
2096,LOB,"Live Oak Bancshares, Inc.",24.055,-1.73611111,-0.425,70962,1706990.91,1061932283.5208333,0.34505039,-0.82457225,-1.08963816,NYSE,-0.78,24.05,0.005
2097,OWL,Blue Owl Capital Inc.,10.795,-1.05407883,-0.115,383878,4143963.01,15049211124.007332,0.34425779,-0.09254975,-0.41512915,NYSE,-0.16,10.73,0.065
2098,IAC,IAC Inc.,49.845,-1.12080936,-0.565,57024,2842361.28,4429783384.899327,0.34390993,-0.01003009,-0.01003009,NASDAQ,,49.98,-0.135
2099,RLX,RLX Technology Inc.,2.3183,-6.52016129,-0.1617,1907542,4422254.6186,3268383400.0,0.34376441,0.21645022,-0.21551724,NYSE,-0.04,2.45,-0.1317
2100,ENS,EnerSys,80.03,-1.34368836,-1.09,12506,1000855.18,3269267618.352564,0.34345283,-0.17462891,-0.41065207,NYSE,,80.1,-0.07
2101,ALLY,Ally Financial Inc.,23.605,-1.68679717,-0.405,1345053,31749976.065,7100611416.134526,0.34290631,-0.06351895,-0.52687039,NYSE,-0.22,23.67,-0.065
2102,FLEX,Flex Ltd.,21.07,-1.81733458,-0.39,369764,7790927.48,9504276774.073626,0.34157587,-0.04741584,-0.30740128,NASDAQ,-0.18,21.22,-0.15
2103,ADUS,Addus HomeCare Corporation,100.54,0.832414,0.83,7906,794869.24,1621485544.373283,0.34148652,-0.01988862,0.21929825,NASDAQ,,99.45,1.09
2104,AUB,Atlantic Union Bankshares Corporation,34.54,1.58823529,0.54,85317,2946849.18,2580878120.072353,0.34132213,-0.05787037,-0.1156738,NYSE,,33.49,1.05
2105,VRNT,Verint Systems Inc.,36.25,-0.1102232,-0.04,28284,1025295.0,2387651865.6654725,0.34008856,-0.0275786,-0.22020369,NASDAQ,,36.09,0.16
2106,MTD,"Mettler-Toledo International, Inc.",1439.75,-0.78216525,-11.35,10141,14600504.75,31827366902.349945,0.33965094,0.21438465,0.21438465,NYSE,,1447.26,-7.51
2107,SFBS,"ServisFirst Bancshares, Inc.",54.12,1.32933908,0.71,30279,1638699.48,2944033312.7991014,0.33723591,0.33370412,-0.25801696,NYSE,,52.54,1.58
2108,ASAN,"Asana, Inc.",20.65,-0.67340067,-0.14,364764,7532376.6,4393784953.434344,0.33715464,-0.1450677,-0.38591413,NYSE,-0.29,20.74,-0.09
2109,ARKW,ARK Next Generation Internet ETF,50.05,-0.43763676,-0.22,59137,2959806.85,,0.33648508,0.05997601,-0.33851055,NYSE ARCA,-0.1252,49.75,0.3
2110,CWST,"Casella Waste Systems, Inc.",77.85,0.19305019,0.15,13221,1029254.85,4025133937.720077,0.33627943,0.02569703,-0.256246,NASDAQ,,77.58,0.27
2111,PTRA,Proterra Inc,1.59,-5.91715976,-0.1,649765,1033126.35,359976002.8224852,0.33446206,-0.04402516,-0.13823437,NASDAQ,-0.04,1.62,-0.03
2112,TGI,"Triumph Group, Inc.",10.36,-0.76628352,-0.08,73620,762703.2,673510155.3793103,0.33288701,0.0,-0.52808449,NYSE,,10.25,0.11
2113,NTB,Bank of N.T. Butterfield & Son Limited (The) Voting,26.55,-1.81213018,-0.49,59608,1582592.4,1325146393.5576923,0.33226192,0.15065913,-0.22514071,NYSE,-1.04,26.63,-0.08
2114,AZUL,Azul S.A.,6.45,1.41509434,0.09,395165,2548814.25,734034174.7878,0.33177779,0.1552795,0.93896714,NYSE,0.11,6.46,-0.01
2115,PFS,"Provident Financial Services, Inc",18.97,0.1055409,0.02,59335,1125584.95,1428919157.1192613,0.33142148,-0.15789474,-0.78451883,NYSE,-0.21,18.57,0.4
2116,CHCO,City Holding Company,91.17,1.46911519,1.32,6605,602177.85,1343804630.935893,0.33129453,0.14279438,0.14279438,NASDAQ,,89.28,1.89
2117,ASGN,ASGN Incorporated,78.35,-0.22921177,-0.18,14533,1138660.55,3862654880.2750535,0.33062499,-0.20379569,0.01914853,NYSE,,77.92,0.43
2118,RAPT,"RAPT Therapeutics, Inc.",17.3,-4.10199557,-0.74,49568,857526.4,593167352.6441243,0.32999044,0.0,-1.19931468,NASDAQ,,17.82,-0.52
2119,TRIN,Trinity Capital Inc.,13.4,1.05580694,0.14,57775,774185.0,467949453.13725495,0.3299773,0.2994012,-0.1490313,NASDAQ,,13.14,0.26
2120,FBP,First BanCorp. New,10.92,0.0,0.0,151843,1658125.56,1971998450.9999995,0.32879909,0.09165903,-0.45578851,NYSE,,10.74,0.18
2121,URBN,"Urban Outfitters, Inc.",25.91,0.30971738,0.08,107133,2775816.03,2388273694.035618,0.3279254,0.0,-0.15414258,NASDAQ,,25.6,0.31
2122,NVCR,NovoCure Limited,56.63,-0.32561823,-0.185,56114,3177735.82,5971926114.082549,0.32782874,0.06184292,-0.3519268,NASDAQ,-0.355,56.35,0.28
2123,LOPE,"Grand Canyon Education, Inc.",108.19,0.07399871,0.08,9781,1058206.39,3358153334.4795117,0.32773416,0.0,-0.04628599,NASDAQ,,107.68,0.51
2124,VMI,"Valmont Industries, Inc.",304.25,-0.15096321,-0.46,6533,1987665.25,6495739174.468348,0.32731035,-0.06076831,-0.06076831,NYSE,,302.01,2.24
2125,SRPT,"Sarepta Therapeutics, Inc.",128.595,0.16747157,0.215,183779,23633060.505,11314030312.959652,0.32565722,0.03500583,-0.0194371,NASDAQ,,128.97,-0.375
2126,NEX,NexTier Oilfield Solutions Inc.,7.235,-1.83175034,-0.135,355566,2572520.01,1690676597.4606514,0.32544502,-0.13802622,-0.75445816,NYSE,-0.18,7.14,0.095
2127,SSD,"Simpson Manufacturing Company, Inc.",102.85,-1.18178324,-1.23,9212,947454.2,4387886302.833397,0.32533032,-0.07286859,-0.10683761,NYSE,,102.81,0.04
2128,SPSC,"SPS Commerce, Inc.",144.49,0.04846974,0.07,7422,1072404.78,5246755026.542723,0.32353475,-0.50268558,-0.50268558,NASDAQ,,143.1,1.39
2129,HAE,Haemonetics Corporation,76.4251,0.45360147,0.3451,17328,1324294.1328,3855457237.303885,0.32239139,0.01976181,0.00667365,NYSE,,75.35,1.0751
2130,FBNC,First Bancorp,35.815,1.77607275,0.625,18029,645708.635,1464053514.6402383,0.32138508,-0.04186436,-0.2367688,NASDAQ,-0.63,34.82,0.995
2131,IRTC,"iRhythm Technologies, Inc.",119.83,0.50322905,0.6,25598,3067408.34,3620816932.501216,0.32098259,-0.18325698,-0.47342193,NASDAQ,,118.64,1.19
2132,TRMK,Trustmark Corporation,24.69,2.02479339,0.49,30270,747366.3,1505584369.204959,0.31805166,0.0,0.08107013,NASDAQ,,23.9,0.79
2133,NSA,National Storage Affiliates Trust,39.37,1.70498579,0.66,49364,1943460.68,4938278797.0,0.31785125,0.13989571,-0.20278834,NYSE,,38.63,0.74
2134,PRVB,"Provention Bio, Inc.",23.815,-0.06294587,-0.015,616316,14677565.54,2076445709.0111208,0.31778042,0.0,-0.12581254,NASDAQ,0.07,23.9,-0.085
2135,EH,EHang Holdings Limited,9.6,-2.04081633,-0.2,89293,857212.8,561984426.0,0.31774607,-0.10405827,-1.03092784,NASDAQ,-0.12,9.7,-0.1
2136,AMPH,"Amphastar Pharmaceuticals, Inc.",36.8151,-0.25711189,-0.0949,16479,606676.0329,1763326212.79537,0.31706286,0.04103261,-0.23089243,NASDAQ,,36.71,0.1051
2137,SPR,"Spirit Aerosystems Holdings, Inc.",29.959,-1.51545036,-0.461,118069,3537229.171,3153193443.2311964,0.31577493,0.06346025,-0.46843854,NYSE,-0.2,29.99,-0.031
2138,GLOB,Globant S.A.,153.18,-1.48562609,-2.31,23819,3648594.42,6399254483.402662,0.31520933,-0.13690593,-0.28642104,NYSE,,154.79,-1.61
2139,GOTU,Gaotu Techedu Inc.,3.99,-4.08653846,-0.17,533252,2127675.48,1077515861.0,0.31455415,-0.20010005,-0.49875312,NYSE,-0.15,4.04,-0.05
2140,DNUT,"Krispy Kreme, Inc.",15.565,0.28994845,0.045,77697,1209353.805,2616476672.498711,0.31285529,0.09581932,-0.32020493,NASDAQ,-0.19,15.52,0.045
2141,TNDM,"Tandem Diabetes Care, Inc.",41.695,-0.08387251,-0.035,60136,2507370.52,2690497469.893123,0.3120565,-0.14374701,-0.3109304,NASDAQ,,41.73,-0.035
2142,CDAY,Ceridian HCM Holding Inc.,68.18,-1.33140376,-0.92,49263,3358751.34,10506985532.13864,0.31136823,-0.1025641,-0.36533684,NYSE,,68.81,-0.63
2143,CSWC,Capital Southwest Corporation,16.96,-0.64440539,-0.11,40211,681978.56,586121244.0820152,0.31004846,-0.03537736,-0.16076508,NASDAQ,-0.07,16.92,0.04
2144,BEAM,Beam Therapeutics Inc.,29.911,-1.41397495,-0.429,92653,2771343.883,2165485713.8200397,0.30955567,-0.18021025,-1.05524314,NASDAQ,-0.06,30.12,-0.209
2145,FGEN,"FibroGen, Inc",18.27,-2.14247456,-0.4,42031,767906.37,1720721858.9582214,0.30950495,-0.35451323,-1.02925244,NASDAQ,,18.43,-0.16
2146,KALA,"Kala Pharmaceuticals, Inc.",14.6355,0.03759398,0.0055,38620,565223.01,29644133.22293234,0.30860702,-0.05599678,-1.21494381,NASDAQ,-0.02,14.29,0.3455
2147,MMSI,"Merit Medical Systems, Inc.",70.915,-0.0070502,-0.005,15387,1091169.105,4064708085.8508177,0.306667,0.1341429,-0.4002809,NASDAQ,,70.61,0.305
2148,FN,Fabrinet,110.48,-0.03619254,-0.04,12773,1411161.04,4044519759.4093375,0.30656879,-0.23478418,-0.23478418,NYSE,,109.97,0.51
2149,TRN,"Trinity Industries, Inc.",22.62,-1.09313511,-0.25,47282,1069518.84,1835060165.0240493,0.30642188,0.04422822,-0.62079055,NYSE,,22.49,0.13
2150,SWTX,"SpringWorks Therapeutics, Inc.",25.16,-3.30514988,-0.86,46816,1177890.56,1572469506.3120675,0.3043102,0.0,-0.39588282,NASDAQ,,25.96,-0.8
2151,RHI,Robert Half International Inc.,74.18,0.16203079,0.12,54508,4043403.44,7989074584.765057,0.30310486,0.05395198,-0.26888949,NYSE,-0.08,73.55,0.63
2152,EFSC,Enterprise Financial Services Corporation,45.07,1.03115893,0.46,14339,646258.73,1680153003.3550773,0.30298104,0.24466192,0.67009158,NASDAQ,,44.21,0.86
2153,CAN,Canaan Inc.,2.745,-1.61290323,-0.045,268122,735994.89,473466908.0,0.30258721,-0.18181818,-0.72332731,NASDAQ,-0.04,2.75,-0.005
2154,FFIN,"First Financial Bankshares, Inc.",31.5232,1.78624475,0.5532,97270,3066261.664,4498392671.113362,0.30190512,-0.05326569,-0.32189723,NASDAQ,,30.69,0.8332
2155,NXT,Nextracker Inc.,31.96,-0.77615647,-0.25,89061,2846389.56,4604598856.783919,0.30153472,0.15669069,-0.40511063,NASDAQ,0.04,32.21,-0.25
2156,COO,"The Cooper Companies, Inc.",347.15,0.63485622,2.19,21031,7300911.65,17168533883.957125,0.3013953,-0.24138625,-0.24138625,NYSE,,345.04,2.11
2157,SWAV,"ShockWave Medical, Inc.",211.61,0.36520584,0.77,27667,5854613.87,7722788927.296482,0.30108339,0.01323364,-0.21690951,NASDAQ,,209.41,2.2
2158,PTLO,Portillo's Inc.,20.955,-0.35663338,-0.075,70471,1476719.805,1516690437.1875892,0.29981038,0.09546539,-0.33269962,NASDAQ,-0.5093,20.93,0.025
2159,AY,Atlantica Sustainable Infrastructure plc,27.095,0.65007429,0.175,35888,972385.36,3144513549.471954,0.29898391,-0.01845018,-0.33106493,NASDAQ,,26.72,0.375
2160,BECN,"Beacon Roofing Supply, Inc.",55.73,-1.25797307,-0.71,39180,2183501.4,3580800378.034373,0.29897679,0.00897263,-0.35758984,NASDAQ,,55.8,-0.07
2161,HCP,"HashiCorp, Inc.",29.28,-1.14787306,-0.34,103919,3042748.32,5361017865.366643,0.29819432,-0.10235415,-0.57724958,NASDAQ,-0.08,29.57,-0.29
2162,SMPL,The Simply Good Foods Company,37.35,0.83693305,0.31,27441,1024921.35,3716002234.086123,0.29745619,0.02678093,-0.08025682,NASDAQ,,37.03,0.32
2163,SNV,Synovus Financial Corp.,28.5684,-0.04058782,-0.0116,284982,8141479.7688,4172276273.255941,0.29738226,-0.05247507,-0.34879665,NYSE,-0.57,28.03,0.5384
2164,ASC,Ardmore Shipping Corporation,14.74,-1.20643432,-0.18,96440,1421525.6,598835838.0040215,0.29559011,-0.06779661,-0.20311442,NYSE,-0.17,14.62,0.12
2165,ODP,The ODP Corporation,44.75,-0.02234138,-0.01,18749,839017.75,1798869562.9747543,0.2947698,-0.15659955,-0.16776647,NASDAQ,,44.24,0.51
2166,TTT,ProShares UltraPro Short 20 Year Treasury,60.89,-0.18032787,-0.11,15420,938923.8,,0.29382594,0.35120449,0.89478045,NYSE ARCA,-1.66,59.55,1.34
2167,FOXF,Fox Factory Holding Corp.,116.35,-0.21440823,-0.25,12657,1472641.95,4918095848.077187,0.29320376,0.28443372,0.8784707,NASDAQ,,115.09,1.26
2168,MASI,Masimo Corporation,173.605,-0.46726293,-0.815,17784,3087391.32,9131959725.221476,0.29216459,-0.02015665,-0.12943681,NASDAQ,,173.72,-0.115
2169,HAS,"Hasbro, Inc.",48.77,0.26726974,0.13,123211,6009000.47,6740982677.079566,0.29176682,-0.03074716,-0.34736412,NASDAQ,,48.4,0.37
2170,IPAR,"Inter Parfums, Inc.",140.205,0.85239534,1.185,11110,1557677.55,4501892920.459214,0.29106452,-0.11754648,-0.11754648,NASDAQ,,137.94,2.265
2171,SFNC,Simmons First National Corporation,17.5201,1.68369124,0.2901,70790,1240247.879,2227749253.875241,0.29077233,-0.05704507,-0.51107325,NASDAQ,,17.0,0.5201
2172,IBTX,"Independent Bank Group, Inc",43.94,-0.24971623,-0.11,26042,1144285.48,1808986054.444949,0.29058067,0.27384756,-0.19307212,NASDAQ,,43.39,0.55
2173,PAYO,Payoneer Global Inc.,6.115,-0.89141005,-0.055,209430,1280664.45,2166925146.3614264,0.28899602,-0.08176615,-0.40749796,NASDAQ,-0.06,6.12,-0.005
2174,HTGC,"Hercules Capital, Inc.",12.05,-1.06732348,-0.13,253372,3053132.6,1644588402.504105,0.28583845,-0.04147657,-0.33085194,NYSE,-0.28,12.04,0.01
2175,STNE,StoneCo Ltd.,8.865,0.39637599,0.035,625458,5544685.17,2659093275.205549,0.28512112,0.0,-0.28121485,NASDAQ,-0.13,8.75,0.115
2176,DLO,DLocal Limited,15.29,-0.19582245,-0.03,76429,1168599.41,4528359980.629895,0.28455112,-0.19582245,-0.19582245,NASDAQ,,15.19,0.1
2177,STR,Sitio Royalties Corp.,20.74,-1.79924242,-0.38,63392,1314750.08,3204724574.571969,0.28419962,-0.09633911,-0.3124249,NYSE,,20.87,-0.13
2178,ALNY,"Alnylam Pharmaceuticals, Inc.",187.94,-1.33865295,-2.55,42781,8040261.14,23329177325.19177,0.28225951,0.01596509,-0.14080391,NASDAQ,,190.25,-2.31
2179,RLI,RLI Corp.,128.14,-0.36544592,-0.47,10403,1333040.42,5832188420.283025,0.28217706,0.14849551,-0.33444816,NYSE,,127.48,0.66
2180,CINF,Cincinnati Financial Corporation,104.895,-1.02377807,-1.085,46098,4835449.71,16493750120.068691,0.28049756,-0.09048481,-0.18555524,NASDAQ,,104.37,0.525
2181,NRDS,"NerdWallet, Inc.",17.66,-0.56306306,-0.1,39962,705728.92,1339366120.3828828,0.27969547,-0.36671368,-0.45095829,NASDAQ,,17.61,0.05
2182,MOD,Modine Manufacturing Company,21.46,-3.68043088,-0.82,30249,649143.54,1118499223.268402,0.27939065,-0.14006449,-0.14006449,NYSE,,22.0,-0.54
2183,PCOR,"Procore Technologies, Inc.",59.61,-1.22618061,-0.74,71595,4267777.95,8360473288.823364,0.27803413,0.06714789,-0.26769282,NYSE,,60.2,-0.59
2184,YMM,Full Truck Alliance Co. Ltd.,7.04,-0.98452883,-0.07,553143,3894126.72,7880729260.0,0.27652522,-0.21261517,-0.42432815,NYSE,-0.21,7.02,0.02
2185,RDN,Radian Group Inc.,20.72,0.77821012,0.16,162182,3360411.04,3257037153.046693,0.27516366,-0.07234145,-0.28873917,NYSE,,20.28,0.44
2186,HTLF,"Heartland Financial USA, Inc.",37.9669,0.41496958,0.1569,14874,564719.6706,1612381497.3752844,0.27387169,-0.2970063,-0.13966334,NASDAQ,,37.33,0.6369
2187,ESPR,"Esperion Therapeutics, Inc.",1.6216,3.94871795,0.0616,1016316,1648058.0256,143962114.7830769,0.2729216,-0.21538462,0.85209603,NASDAQ,-0.0215,1.54,0.0816
2188,ZI,ZoomInfo Technologies Inc.,22.905,-1.86375321,-0.435,351092,8041762.26,9260293462.035349,0.27285479,-0.08729812,-0.43497173,NASDAQ,-0.16,23.22,-0.315
2189,CIFR,Cipher Mining Inc.,2.17,-7.26495726,-0.17,279563,606651.71,539519739.6196581,0.27259395,-1.81371881,-1.36986301,NASDAQ,-0.0899,2.27,-0.1
2190,TGNA,TEGNA Inc,15.65,-0.06385696,-0.01,107853,1687899.45,3498596676.9667945,0.27117584,-0.03193868,0.06393862,NYSE,,15.61,0.04
2191,TOWN,Towne Bank,26.71,1.05940219,0.28,22101,590317.71,1942465372.8702235,0.27026167,-0.54734334,-0.54734334,NASDAQ,,26.01,0.7
2192,ARQT,"Arcutis Biotherapeutics, Inc.",10.35,-4.16666667,-0.45,95060,983871.0,632207720.7916666,0.26920788,0.0967118,-0.67178503,NASDAQ,-0.05,10.69,-0.34
2193,SBR,Sabine Royalty Trust,66.63,-1.60956881,-1.09,9022,601135.86,987313244.0,0.26673355,-0.074985,-0.074985,NYSE,-1.52,66.47,0.16
2194,KRTX,"Karuna Therapeutics, Inc.",175.97,-0.14186812,-0.25,62738,11040005.86,6511274684.480024,0.26496602,0.05401564,0.0312651,NASDAQ,,176.03,-0.06
2195,EDU,"New Oriental Education & Technology Group, Inc. Sponsored",37.86,-2.42268041,-0.94,200240,7581086.4,6579547713.14112,0.26392441,-0.18455049,-0.64296024,NYSE,-0.3882,38.7,-0.84
2196,SMX,SMX (Security Matters) Public Limited Company,1.2302,-4.63565891,-0.0598,569838,701014.7076,27681106.88914729,0.2631753,-0.79032258,0.0,NASDAQ,-0.09,1.15,0.0802
2197,HLNE,Hamilton Lane Incorporated,70.12,-1.47534073,-1.05,14179,994231.48,3774024662.333005,0.26272785,-0.29859235,-0.29859235,NASDAQ,,70.43,-0.31
2198,SR,Spire Inc.,67.375,0.83058964,0.555,10781,726369.875,3540296597.115385,0.26248093,0.02553528,0.08169935,NYSE,,66.82,0.555
2199,BANR,Banner Corporation,53.5,1.00056636,0.53,17441,933093.5,1829384769.1523504,0.26186912,0.20603109,-0.26099925,NASDAQ,,52.52,0.98
2200,LPSN,"LivePerson, Inc.",3.6699,-4.4296875,-0.1701,365491,1341315.4209,278438564.3020313,0.26076656,-0.13877551,-0.27445652,NASDAQ,0.01,3.77,-0.1001
2201,RPD,"Rapid7, Inc.",39.86,-1.55593974,-0.63,54409,2168742.74,2393221449.474438,0.26048886,-0.30015008,-0.5489022,NASDAQ,,40.0,-0.14
2202,GTY,Getty Realty Corporation,34.38,1.50575731,0.51,17450,599931.0,1583010419.0,0.25906253,0.0,-0.15972121,NYSE,,33.92,0.46
2203,FHB,"First Hawaiian, Inc.",20.655,0.55988315,0.115,78133,1613837.115,2637343669.646787,0.25879945,-0.16916385,-0.64935065,NASDAQ,,20.21,0.445
2204,ACLX,"Arcellx, Inc.",28.09,-0.70696359,-0.2,29228,821014.52,1231855902.0604453,0.25739965,0.44698731,0.07125045,NASDAQ,,27.99,0.1
2205,WST,"West Pharmaceutical Services, Inc.",333.12,0.38270303,1.27,34207,11395035.84,24696035354.07636,0.25525822,0.11119459,-0.00600348,NYSE,,330.84,2.28
2206,AZPN,"Aspen Technology, Inc.",201.7203,-1.47489499,-3.0197,10202,2057950.5006,13065680518.456083,0.25365696,-0.25697191,-0.25697191,NASDAQ,,204.38,-2.6597
2207,YY,JOYY Inc.,30.3,0.56422171,0.17,42808,1297082.4,2098082279.0000005,0.25350023,0.14873575,-0.09891197,NASDAQ,0.35,30.1,0.2
2208,ASO,"Academy Sports and Outdoors, Inc.",63.47,-0.78161638,-0.5,131845,8368202.15,4884306941.974363,0.25284072,0.03152088,-0.34542314,NASDAQ,,63.45,0.02
2209,LU,Lufax Holding Ltd,1.97,0.0,0.0,1116236,2198984.92,4515216303.0,0.24987335,-0.25380711,-0.25380711,NYSE,-0.03,1.94,0.03
2210,BAND,Bandwidth Inc.,14.77,-0.27008778,-0.04,42182,623028.14,375783526.95273465,0.24940898,0.169549,-0.2027027,NASDAQ,,14.75,0.02
2211,AGCO,AGCO Corporation,123.435,-1.73937271,-2.185,49164,6068558.34,9238603110.34485,0.24848978,-0.06881477,-0.35117462,NYSE,,123.7,-0.265
2212,PCVX,"Vaxcyte, Inc.",37.435,-1.17476241,-0.445,42088,1575564.28,2996062750.3441133,0.24808952,-0.0400534,-0.41234371,NASDAQ,,37.66,-0.225
2213,ACAD,ACADIA Pharmaceuticals Inc.,18.09,-1.25545852,-0.23,117420,2124127.8,2934744161.9836245,0.24669707,-0.05534034,-0.1934236,NASDAQ,,18.21,-0.12
2214,EXEL,"Exelixis, Inc.",18.12,-1.14566285,-0.21,175470,3179516.4,5872462599.61375,0.24541607,-0.02759382,-0.13781698,NASDAQ,,18.27,-0.15
2215,TPX,"Tempur Sealy International, Inc.",36.99,-1.90930788,-0.72,102396,3787628.04,6365953672.002387,0.24503627,0.0,-0.36353844,NYSE,-0.51,37.32,-0.33
2216,STGW,Stagwell Inc.,6.8,-1.1627907,-0.08,83388,567038.4,1989128318.3720927,0.24468149,0.0,0.0,NASDAQ,-0.03,6.8,0.0
2217,UHS,"Universal Health Services, Inc.",121.56,-0.19704433,-0.24,40649,4941292.44,7710915577.806896,0.24332895,-0.01233198,-0.17237134,NYSE,,121.41,0.15
2218,FIBK,"First Interstate BancSystem, Inc.",29.54,1.65175499,0.48,63669,1880782.26,3085191646.2222986,0.24052237,0.0,-0.43815302,NASDAQ,,28.75,0.79
2219,FCN,"FTI Consulting, Inc.",194.425,0.44170068,0.855,9816,1908475.8,6595929042.89146,0.23712769,-0.06425084,-0.06425084,NYSE,,193.27,1.155
2220,HLIT,Harmonic Inc.,13.9101,-0.5,-0.0699,83869,1166626.1769,1545004197.8099997,0.23671047,-0.1070018,-0.46440072,NASDAQ,-0.06,13.89,0.0201
2221,UBT,ProShares Ultra 20+ Year Treasury,27.2865,0.68819188,0.1865,28891,788334.2715,,0.23633422,-0.01282521,-0.08604907,NYSE ARCA,0.31,27.5,-0.2135
2222,EBC,"Eastern Bankshares, Inc.",11.92,0.0,0.0,154312,1839399.04,2099971128.0000005,0.23430844,0.0,-0.58381985,NASDAQ,0.27,11.73,0.19
2223,TGTX,"TG Therapeutics, Inc.",14.44,-3.15224681,-0.47,219008,3162475.52,2113483556.2334003,0.23280302,-0.2073255,-0.68775791,NASDAQ,-0.21,14.81,-0.37
2224,FHI,"Federated Hermes, Inc.",39.07,-0.40785113,-0.16,61979,2421519.53,3488362562.776192,0.23152542,-0.03837789,-0.22982635,NYSE,,38.74,0.33
2225,AGM,Federal Agricultural Mortgage Corporation,124.14,-0.40115533,-0.5,8441,1047865.74,1322434416.8164313,0.23136472,-0.16887817,-0.24909602,NYSE,,122.88,1.26
2226,HUBC,Hub Cyber Security Ltd.,1.9999,2.55897436,0.0499,1470236,2940324.9764,206256400.5104615,0.2310675,0.49748744,0.75062972,NASDAQ,-0.07,1.83,0.1699
2227,PNFP,"Pinnacle Financial Partners, Inc.",52.815,0.58084174,0.305,79352,4190975.88,4047878440.235193,0.23055532,0.12322275,-0.40543089,NASDAQ,,52.04,0.775
2228,BLKB,"Blackbaud, Inc.",57.57,0.893796,0.51,11147,641732.79,3063638802.030494,0.23018966,0.24377503,0.24377503,NASDAQ,,56.66,0.91
2229,OGS,"ONE Gas, Inc.",75.32,0.69518717,0.52,23611,1778380.52,4171900507.090909,0.22886798,-0.15906681,-0.33081911,NYSE,,74.86,0.46
2230,AESI,Atlas Energy Solutions Inc.,15.98,-0.125,-0.02,35572,568440.56,1598000000.0,0.22770496,0.47154983,0.47154983,NYSE,,15.99,-0.01
2231,EWBC,"East West Bancorp, Inc.",54.1399,0.95077382,0.5099,277144,15004548.4456,7633925970.300603,0.22426565,0.11298328,-0.4048933,NASDAQ,-0.73,52.72,1.4199
2232,TW,Tradeweb Markets Inc.,73.66,-0.45945946,-0.34,39095,2879737.7,17273355748.203243,0.22097712,-0.05438477,-0.23072747,NASDAQ,,73.69,-0.03
2233,ITGR,Integer Holdings Corporation,75.485,-0.00662339,-0.005,16035,1210401.975,2508827744.451252,0.22068333,-0.03972721,-0.08603574,NYSE,,75.15,0.335
2234,ZUMZ,Zumiez Inc.,17.36,-0.74328188,-0.13,36465,633032.4,338339140.36363643,0.22018765,-0.05757052,-0.51575931,NASDAQ,-0.15,17.32,0.04
2235,JKS,JinkoSolar Holding Company Limited,46.825,-1.93717277,-0.925,107324,5025446.3,2401695944.0,0.21858418,0.03204443,-0.77346896,NYSE,-1.75,46.0,0.825
2236,CERT,"Certara, Inc.",23.2691,-0.47433704,-0.1109,100842,2346502.5822,3710452717.9548383,0.21621554,-0.02534909,-0.43175011,NASDAQ,,23.18,0.0891
2237,SMAR,Smartsheet Inc.,47.38,-0.65003145,-0.31,134548,6374884.24,6279060780.053681,0.21541973,0.0,-0.42034468,NYSE,0.38,48.04,-0.66
2238,EPAC,Enerpac Tool Group Corp.,26.11,-1.09848485,-0.29,33558,876199.38,1487571172.7731063,0.21217624,-0.03828484,-0.38153377,NYSE,,26.19,-0.08
2239,SKT,"Tanger Factory Outlet Centers, Inc.",18.43,-0.10840108,-0.02,57655,1062581.65,1927986792.0,0.20919793,0.02713704,-0.16251354,NYSE,,18.26,0.17
2240,HE,"Hawaiian Electric Industries, Inc.",36.55,1.19047619,0.43,29916,1093429.8,4001212639.880952,0.20889065,-0.16388965,-0.16388965,NYSE,,36.02,0.53
2241,CERE,"Cerevel Therapeutics Holdings, Inc.",23.245,-0.789586,-0.185,33652,782240.74,3641484510.329492,0.20757093,0.02151463,0.0861141,NASDAQ,,23.2,0.045
2242,CRVL,CorVel Corp.,183.09,-0.23974282,-0.44,5511,1009008.99,3141638567.59053,0.20653057,0.35903198,0.35903198,NASDAQ,,182.08,1.01
2243,OTLY,Oatly Group AB,2.375,-1.04166667,-0.025,399569,948976.375,1420264859.0,0.20427701,0.0,-0.24361559,NASDAQ,0.0185,2.41,-0.035
2244,AMAM,Ambrx Biopharma Inc.,8.75,0.92272203,0.08,66407,581061.25,334821138.0,0.20184747,0.0,0.22909507,NASDAQ,-0.16,8.47,0.28
2245,ZIP,"ZipRecruiter, Inc.",15.12,0.46511628,0.07,59917,905945.04,1587748512.5581396,0.19616625,0.03307972,-0.59171598,NYSE,,14.97,0.15
2246,TITN,Titan Machinery Inc.,27.8,-2.07819655,-0.59,38937,1082448.6,631250841.7611835,0.19532933,-0.2690583,-0.55446253,NASDAQ,-0.09,28.0,-0.2
2247,JKHY,"Jack Henry & Associates, Inc.",145.895,-0.53517862,-0.785,57292,8358616.34,10648982063.58522,0.19499011,-0.0684955,-0.19496511,NASDAQ,,145.58,0.315
2248,DSEY,"Diversey Holdings, Ltd.",8.025,-0.18656716,-0.015,198133,1590017.325,2604727440.5783587,0.19492645,0.0,0.0,NASDAQ,0.0,8.04,-0.015
2249,HKD,AMTD Digital Inc.,7.02,-0.42553191,-0.03,112778,791701.56,1191769767.0,0.19189694,-0.14224751,-0.28409091,NYSE,0.01,7.05,-0.03
2250,MCB,Metropolitan Bank Holding Corp.,35.06,2.18595162,0.75,41883,1468417.98,384295867.61702126,0.18498131,-1.12803158,-1.10014104,NYSE,-1.3,33.54,1.52
2251,USOI,Credit Suisse X-Links Crude Oil Shares Covered Call ETN,70.51,-1.08024691,-0.77,22664,1598038.64,,0.18271206,-0.47595388,-0.47595388,NASDAQ,-1.31,70.24,0.27
2252,DOCU,"DocuSign, Inc.",56.1416,-1.86750568,-1.0684,369070,20720180.312,11288623895.634497,0.17859802,-0.03276353,-0.59915014,NASDAQ,-0.96,56.99,-0.8484
2253,GOLF,Acushnet Holdings Corp.,49.4451,-1.36624776,-0.6849,14160,700142.616,3310142261.844398,0.17315255,0.10142727,-0.19156237,NYSE,,49.73,-0.2849
2254,PODD,Insulet Corporation,312.675,0.38042955,1.185,72092,22541366.1,21744125218.58712,0.17079653,-0.03038299,-0.57097416,NASDAQ,,311.61,1.065
2255,STAA,STAAR Surgical Company,62.955,-0.82703214,-0.525,30871,1943483.805,3036720896.885869,0.16741294,-0.03175863,-0.42704626,NASDAQ,,62.77,0.185
2256,QFIN,"360 DigiTech, Inc.",18.195,-0.79062159,-0.145,60314,1097413.23,3279214467.94496,0.16117067,0.13758943,-0.19199122,NASDAQ,-0.1,18.0,0.195
2257,TAL,TAL Education Group,6.015,-2.3538961,-0.145,703823,4233495.345,3990604049.0,0.16080877,-0.1659751,-0.66061107,NYSE,-0.14,6.05,-0.035
2258,VRNS,"Varonis Systems, Inc.",26.045,-0.51566081,-0.135,35026,912252.17,2802862656.595302,0.15383049,0.0,0.13456363,NASDAQ,,25.95,0.095
2259,EXPO,"Exponent, Inc.",92.59,0.79468757,0.73,20591,1906520.69,4688981858.10037,0.15314473,-0.18360514,-0.29667188,NASDAQ,,91.66,0.93
2260,BG,Bunge Limited Bunge Limited,92.66,-0.940774,-0.88,142298,13185332.68,13892178167.530466,0.1463948,-0.1401013,-0.34416003,NYSE,,92.99,-0.33
2261,CASH,"Pathward Financial, Inc.",41.81,0.40826129,0.17,18301,765164.81,1152341456.2442365,0.1435719,-0.08626849,0.40826129,NASDAQ,,41.02,0.79
2262,JBSS,"John B. Sanfilippo & Son, Inc.",96.95,0.64362089,0.62,10631,1030675.45,1120339826.078065,0.1396091,-0.23154103,-0.23154103,NASDAQ,,96.28,0.67
2263,QTWO,"Q2 Holdings, Inc.",22.54,-1.01010101,-0.23,65638,1479480.52,1301441521.4747474,0.13265434,0.155521,-0.30959752,NYSE,,22.58,-0.04
2264,LUNR,"Intuitive Machines, Inc.",10.74,1.32075472,0.14,112305,1206155.7,194074651.1660377,0.12827402,0.37383178,0.23331778,NASDAQ,0.28,10.71,0.03
2265,PCT,"PureCycle Technologies, Inc.",6.155,4.14551607,0.245,183231,1127786.805,1007395762.1379018,0.12395409,-0.162206,-0.32388664,NASDAQ,0.07,5.86,0.295
2266,YS,"YS Biopharma Co., Ltd.",5.5,-15.38461538,-1.0,137019,753604.5,624034400.8461537,,0.53925601,0.78059149,NASDAQ,-0.7643,6.09,-0.59
2267,NIR,"Near Intelligence, Inc.",11.585,11.14309013,1.1615,1026374,11890542.79,,,-4.08163265,-10.30534351,NASDAQ,6.6565,17.38,-5.795
2268,TPL,Texas Pacific Land Corporation,1611.08,-1.75502787,-28.78,17062,27488246.96,12412559154.780651,,0.89934365,0.89934365,NYSE,,1609.84,1.24
2269,EVI,"EVI Industries, Inc.",19.0,0.74231177,0.14,44684,848996.0,238760132.18451756,,2.23298359,2.23298359,NYSE ARCA,,18.67,0.33
2270,WTM,"White Mountains Insurance Group, Ltd.",1357.0,2.02930805,26.99,2772,3761604.0,3484134239.733536,,1.4200299,1.4200299,NYSE,,1338.8,18.2
2271,RYF,Invesco S&P 500 Equal Weight Financial ETF,47.834,-0.82106573,-0.396,39184,1874327.456,,,0.113018,0.113018,NYSE ARCA,-0.55,47.87,-0.036
2272,DUO,Fangdd Network Group Ltd.,1.47,9.70149254,0.13,1564434,2299717.98,8842377.0,,-2.0,-4.54545455,NASDAQ,0.08,1.34,0.13
2273,CCF,Chase Corporation,98.99,-0.76190476,-0.76,5836,577705.64,940406698.9561903,,0.0,-0.03534461,NYSE ARCA,,98.17,0.82
2274,COKE,"Coca-Cola Consolidated, Inc.",511.42,-0.67778835,-3.49,4084,2088639.28,4793891678.775748,,-0.63147259,-0.63147259,NASDAQ,,515.45,-4.03
2275,SLX,VanEck Steel ETF,59.72,-0.92899801,-0.56,28181,1682969.32,,,0.54938487,0.54938487,NYSE ARCA,,59.37,0.35
2276,SMTI,Sanara MedTech Inc.,38.86,-2.60651629,-1.04,21893,850761.98,325523734.0,,-0.35897436,-0.35897436,NASDAQ,,39.41,-0.55
2277,ESGR,Enstar Group Limited,218.8,-0.5635339,-1.24,4992,1092249.6,3850311660.934376,,-0.07535451,-0.07535451,NASDAQ,,219.5,-0.7
2278,GFEB,First Trust Exchange-Traded Fund VIII FT Cboe Vest U.S. Equity Moderate Buffer ETF - February,28.92,0.03839648,0.0111,67896,1963552.32,,,-0.0691085,-0.0691085,NYSE ARCA,,29.06,-0.14
2279,TSL,GraniteShares 1.25x Long Tesla Daily ETF,13.5673,-1.18499636,-0.1627,55487,752808.7751,,,-0.24044118,-0.24044118,NASDAQ,-0.19,13.67,-0.1027
2280,ZURA,Zura Bio Limited,28.5,-14.18247516,-4.71,309395,8817757.5,762166293.495935,,-0.85232214,2.81385281,NASDAQ,-0.72,32.2,-3.7
2281,DHHC,DiamondHead Holdings Corp.,15.0001,-20.71828753,-3.9199,256689,3850360.6689,646879314.8784511,,-2.47009103,0.67181208,NASDAQ,-2.75,15.9,-0.8999
2282,VTRU,Vitru Limited,22.8,-2.9787234,-0.7,48661,1109470.8,659119273.0,,0.17582418,0.17582418,NASDAQ,,23.55,-0.75
2283,GHRS,GH Research PLC,8.5938,24.36758321,1.6838,129044,1108978.3272,447056747.7725904,,0.0,0.0,NASDAQ,0.72,7.82,0.7738
2284,ALVO,Alvotech,13.3,-2.20588235,-0.3,45556,605894.8,3491260650.7573533,,0.68130204,0.68130204,NASDAQ,,13.5,-0.2
2285,MRBK,Meridian Corporation,13.44,-0.14858841,-0.02,46595,626236.8,306112212.0,,-0.29985007,-0.07513148,NASDAQ,,13.45,-0.01
2286,MLAB,"Mesa Laboratories, Inc.",169.21,-0.16520149,-0.28,10696,1809870.16,904626092.2969496,,0.14796402,0.14796402,NASDAQ,-2.59,167.01,2.2
2287,VACC,Vaccitech plc,2.8099,30.08194065,0.6498,449720,1263668.228,80564201.0,,0.35587189,-3.4279648,NASDAQ,0.1099,2.25,0.5599
